{"assets": {"BTC": {"monte_carlo_7d": {"prob_up": 0.5285714285714286, "prob_down": 0.4714285714285714, "expected_price": 70860.0719295799, "current_price": 70384.0}, "monte_carlo_30d": {"expected_price": 71750.00412528064, "prob_up_10%": 0.2542857142857143, "prob_down_10%": 0.22}, "mean_reversion": {"mean_price": 83501.8, "deviation_std": -1.5815390322947336}, "fibonacci": {"zone": "SUPPORT", "bias": "BULLISH"}, "returns_analysis": {"annual_volatility": 0.5140436575059675}, "monte_carlo_bias": 0.6763922618491508, "mean_reversion_signal": 0.7907695161473668, "arima_trend": -0.85280390215287, "fibonacci_signal": 0.3, "volatility_regime": "NORMAL"}, "ETH": {"monte_carlo_7d": {"prob_up": 0.5142857142857142, "prob_down": 0.4857142857142857, "expected_price": 2061.360099086962, "current_price": 2052.4}, "monte_carlo_30d": {"expected_price": 2095.734938427626, "prob_up_10%": 0.32, "prob_down_10%": 0.32285714285714284}, "mean_reversion": {"mean_price": 2692.2050000000004, "deviation_std": -1.541849937949414}, "fibonacci": {"zone": "MID", "bias": "NEUTRAL"}, "returns_analysis": {"annual_volatility": 0.7015695173742575}, "monte_carlo_bias": 0.43656690152804967, "mean_reversion_signal": 0.770924968974707, "arima_trend": -1.0, "fibonacci_signal": 0.0, "volatility_regime": "NORMAL"}, "SOL": {"monte_carlo_7d": {"prob_up": 0.48857142857142855, "prob_down": 0.5114285714285715, "expected_price": 86.83181004977294, "current_price": 86.47}, "monte_carlo_30d": {"expected_price": 90.17849552338984, "prob_up_10%": 0.38285714285714284, "prob_down_10%": 0.3514285714285714}, "mean_reversion": {"mean_price": 115.17649999999999, "deviation_std": -1.6993926026960178}, "fibonacci": {"zone": "MID", "bias": "NEUTRAL"}, "returns_analysis": {"annual_volatility": 0.9837702198790033}, "monte_carlo_bias": 0.41842263186416273, "mean_reversion_signal": 0.8496963013480089, "arima_trend": -1.0, "fibonacci_signal": 0.0, "volatility_regime": "NORMAL"}, "XRP": {"monte_carlo_7d": {"prob_up": 0.5057142857142857, "prob_down": 0.4942857142857143, "expected_price": 1.4646312691576908, "current_price": 1.44952}, "monte_carlo_30d": {"expected_price": 1.480048760910215, "prob_up_10%": 0.34, "prob_down_10%": 0.32}, "mean_reversion": {"mean_price": 1.762977, "deviation_std": -1.4739030444203303}, "fibonacci": {"zone": "MID", "bias": "NEUTRAL"}, "returns_analysis": {"annual_volatility": 0.8788145669312366}, "monte_carlo_bias": 1.0425015976109953, "mean_reversion_signal": 0.7369515222101651, "arima_trend": -1.0, "fibonacci_signal": 0.0, "volatility_regime": "NORMAL"}, "LTC": {"monte_carlo_7d": {"prob_up": 0.5085714285714286, "prob_down": 0.49142857142857144, "expected_price": 55.43663308020677, "current_price": 54.82}, "monte_carlo_30d": {"expected_price": 54.30585241850495, "prob_up_10%": 0.2742857142857143, "prob_down_10%": 0.3657142857142857}, "mean_reversion": {"mean_price": 64.5985, "deviation_std": -1.6370585786953498}, "fibonacci": {"zone": "MID", "bias": "NEUTRAL"}, "returns_analysis": {"annual_volatility": 0.7710322407847311}, "monte_carlo_bias": 1.1248323243465297, "mean_reversion_signal": 0.8185292893476749, "arima_trend": -0.9262053020362547, "fibonacci_signal": 0.0, "volatility_regime": "NORMAL"}, "ADA": {"monte_carlo_7d": {"prob_up": 0.5142857142857142, "prob_down": 0.4857142857142857, "expected_price": 0.28152816406158665, "current_price": 0.27768}, "monte_carlo_30d": {"expected_price": 0.27965128898307084, "prob_up_10%": 0.31142857142857144, "prob_down_10%": 0.3457142857142857}, "mean_reversion": {"mean_price": 0.328963, "deviation_std": -1.3362728007309732}, "fibonacci": {"zone": "MID", "bias": "NEUTRAL"}, "returns_analysis": {"annual_volatility": 0.9084800022536378}, "monte_carlo_bias": 1.3858268732305774, "mean_reversion_signal": 0.6681364003654866, "arima_trend": -1.0, "fibonacci_signal": 0.0, "volatility_regime": "NORMAL"}, "DOT": {"monte_carlo_7d": {"prob_up": 0.4514285714285714, "prob_down": 0.5485714285714286, "expected_price": 1.3592367386083346, "current_price": 1.358}, "monte_carlo_30d": {"expected_price": 1.3190883622331333, "prob_up_10%": 0.2542857142857143, "prob_down_10%": 0.4142857142857143}, "mean_reversion": {"mean_price": 1.7356500000000001, "deviation_std": -1.5752954541914719}, "fibonacci": {"zone": "MID", "bias": "NEUTRAL"}, "returns_analysis": {"annual_volatility": 0.8276930057439039}, "monte_carlo_bias": 0.0910705897153541, "mean_reversion_signal": 0.7876477270957359, "arima_trend": -1.0, "fibonacci_signal": 0.0, "volatility_regime": "NORMAL"}, "LINK": {"monte_carlo_7d": {"prob_up": 0.5542857142857143, "prob_down": 0.44571428571428573, "expected_price": 8.93958190585122, "current_price": 8.827}, "monte_carlo_30d": {"expected_price": 9.223449711318422, "prob_up_10%": 0.3742857142857143, "prob_down_10%": 0.32857142857142857}, "mean_reversion": {"mean_price": 11.0576, "deviation_std": -1.4649929190041102}, "fibonacci": {"zone": "MID", "bias": "NEUTRAL"}, "returns_analysis": {"annual_volatility": 0.8947804228330128}, "monte_carlo_bias": 1.2754265985184128, "mean_reversion_signal": 0.7324964595020551, "arima_trend": -1.0, "fibonacci_signal": 0.0, "volatility_regime": "NORMAL"}}, "correlation": {"BTC": {"BTC": 1.0, "ETH": 0.83, "SOL": 0.74, "XRP": 0.59, "LTC": 0.66, "ADA": 0.71, "DOT": 0.7, "LINK": 0.69}, "ETH": {"BTC": 0.83, "ETH": 1.0, "SOL": 0.74, "XRP": 0.61, "LTC": 0.7, "ADA": 0.73, "DOT": 0.76, "LINK": 0.75}, "SOL": {"BTC": 0.74, "ETH": 0.74, "SOL": 1.0, "XRP": 0.58, "LTC": 0.61, "ADA": 0.7, "DOT": 0.71, "LINK": 0.68}, "XRP": {"BTC": 0.59, "ETH": 0.61, "SOL": 0.58, "XRP": 1.0, "LTC": 0.6, "ADA": 0.71, "DOT": 0.62, "LINK": 0.62}, "LTC": {"BTC": 0.66, "ETH": 0.7, "SOL": 0.61, "XRP": 0.6, "LTC": 1.0, "ADA": 0.64, "DOT": 0.72, "LINK": 0.68}, "ADA": {"BTC": 0.71, "ETH": 0.73, "SOL": 0.7, "XRP": 0.71, "LTC": 0.64, "ADA": 1.0, "DOT": 0.78, "LINK": 0.74}, "DOT": {"BTC": 0.7, "ETH": 0.76, "SOL": 0.71, "XRP": 0.62, "LTC": 0.72, "ADA": 0.78, "DOT": 1.0, "LINK": 0.78}, "LINK": {"BTC": 0.69, "ETH": 0.75, "SOL": 0.68, "XRP": 0.62, "LTC": 0.68, "ADA": 0.74, "DOT": 0.78, "LINK": 1.0}}, "last_update": "2026-02-06T19:35:58.819694"}